id,question,choices,answerKey,cot
30JNVC0OR9JDR3HPZC4VF3SWWSFQHC,what lays their eggs in a burrow?,"{ ""text"": [ ""mammals"", ""alpacas"", ""loose soil"", ""animals"", ""monotremes"", ""honeybees"", ""insects"", ""ducks"" ], ""label"": [ ""A"", ""B"", ""C"", ""D"", ""E"", ""F"", ""G"", ""H"" ] }",E,"Understanding the Question:
The question asks which organism lays eggs in a burrow. A burrow is an underground or sheltered hole dug in the ground, typically used for protection.

Evaluating the Choices:
(A) ""mammals""
Most mammals give birth to live young, but monotremes (a subgroup of mammals) lay eggs.
(B) ""alpacas""
Alpacas are mammals and do not lay eggs.
(C) ""loose soil""
Loose soil is a medium, not an egg-laying organism.
(D) ""animals""
Too broad, as not all animals lay eggs in burrows.
(E) ""monotremes""
Monotremes (such as the platypus and echidna) lay eggs, and the platypus specifically lays its eggs in a burrow.
(F) ""honeybees""
Honeybees lay eggs in hives, not burrows.
(G) ""insects""
Some insects, such as beetles and certain wasps, lay eggs in burrows.
(H) ""ducks""
Ducks lay eggs in nests, not burrows.

Selecting the Best Answer:
(E) ""monotremes"" is the most specific and correct answer, as the platypus lays eggs in burrows.
(G) ""insects"" can also be correct since some burrowing insects lay eggs underground."
35DR22AR5DJI6SB265AL5HNF8XMX3N,What could have a positive impact on an animal's survival?,"{ ""text"": [ ""Blankets"", ""Lack of Food"", ""food"", ""Habitat Destruction"", ""heat"", ""hormones"", ""Drought"", ""proteins"" ], ""label"": [ ""A"", ""B"", ""C"", ""D"", ""E"", ""F"", ""G"", ""H"" ] }",A,"Understanding the Question:
The question asks what could have a positive impact on an animal’s survival. Factors that improve survival typically include access to essential resources such as food, warmth, and necessary biological components.

Evaluating the Choices:
(A) ""Blankets""
While blankets can provide warmth for domesticated animals, they are not naturally available to wild animals and do not significantly impact survival in the wild.

(B) ""Lack of Food""
A lack of food has a negative impact on survival, leading to malnutrition and starvation.

(C) ""food""
Food is essential for survival, providing energy and nutrients necessary for life.

(D) ""Habitat Destruction""
Habitat destruction negatively affects survival by reducing shelter and food sources.

(E) ""heat""
Heat can have a positive impact in cold environments, helping animals maintain body temperature and survive harsh conditions. However, excessive heat can be harmful.

(F) ""hormones""
Hormones regulate many biological processes, including reproduction and metabolism, which are important for survival.

(G) ""Drought""
Drought negatively affects survival by reducing water availability and food sources.

(H) ""proteins""
Proteins are essential nutrients that support muscle growth, immune function, and overall health.

Selecting the Best Answer:
(C) ""food"" is the most fundamental factor for survival, as it provides energy and nutrients essential for an animal’s well-being."
3OCHAWUVGOJO2QJ9RB2KM34HMKJXKE,What feeds on plankton and nonliving organic matter?,"{ ""text"": [ ""bacteria"", ""barnacles"", ""animals"", ""sharks"", ""pythons"", ""graptolites"", ""molluscs"", ""bears"" ], ""label"": [ ""A"", ""B"", ""C"", ""D"", ""E"", ""F"", ""G"", ""H"" ] }",G,"Understanding the Question:
The question asks which organism feeds on plankton and nonliving organic matter. Organisms that feed on plankton are typically filter feeders, detritivores, or decomposers.

Evaluating the Choices:
(A) ""bacteria""
Bacteria decompose organic matter and can feed on dead plankton and other microscopic organic material.

(B) ""barnacles""
Barnacles are filter feeders that consume plankton from the water.

(C) ""animals""
This category is too broad, as not all animals feed on plankton and nonliving organic matter.

(D) ""sharks""
Sharks are carnivores that primarily feed on fish and marine animals, not plankton or nonliving organic matter.

(E) ""pythons""
Pythons are large snakes that consume live prey, such as rodents and birds, not plankton or organic debris.

(F) ""graptolites""
Graptolites are extinct marine organisms that likely fed on plankton, but they are no longer present in ecosystems.

(G) ""molluscs""
Many mollusks, such as clams and oysters, are filter feeders that consume plankton and organic matter from the water.

(H) ""bears""
Bears are omnivores that eat fish, berries, and mammals but do not primarily feed on plankton or nonliving organic matter.

Selecting the Best Answer:
(B) ""barnacles"" are the best choice because they are filter feeders that consume plankton and organic debris from the water."
3A0EX8ZRN8NC9S5PQUBT6ES0XHJBYV,what do scaled animals use scales for?,"{ ""text"": [ ""swimming"", ""Weight"", ""digestion"", ""energy"", ""camouflage"", ""flying"", ""it needs them"", ""energy barrier"" ], ""label"": [ ""A"", ""B"", ""C"", ""D"", ""E"", ""F"", ""G"", ""H"" ] }",E,"Understanding the Question:
The question asks what scaled animals use scales for. Scales serve various functions, such as protection, movement, and camouflage, depending on the species.

Evaluating the Choices:
(A) ""swimming""
Scales reduce friction and help fish and reptiles move efficiently through water.

(B) ""Weight""
Scales do not primarily serve to increase or decrease an animal’s weight.

(C) ""digestion""
Scales are not involved in the digestion process.

(D) ""energy""
Scales do not produce or store energy directly.

(E) ""camouflage""
Some scaled animals, such as reptiles and fish, use their scales for camouflage to blend into their surroundings.

(F) ""flying""
While birds have feathers for flight, scales are not used for flying.

(G) ""it needs them""
This is vague and does not specify the function of scales.

(H) ""energy barrier""
Scales do not function as an energy barrier.

Selecting the Best Answer:
(E) ""camouflage"" is the best choice, as many scaled animals use their scales to blend into their environment for protection."
3TVSS0C0E1Z8G946BFKQLBD68HGWTM,astronauts require what food for extended flights?,"{ ""text"": [ ""Echinoderm."", ""layers of fat"", ""dehydrated"", ""fresh"", ""hand picked"", ""nutrients"", ""frozen"", ""hydration"" ], ""label"": [ ""A"", ""B"", ""C"", ""D"", ""E"", ""F"", ""G"", ""H"" ] }",C,"Understanding the Question:
The question asks what type of food astronauts require for extended flights. Space missions require food that is lightweight, non-perishable, and easy to store while still providing essential nutrients.

Evaluating the Choices:
(A) ""Echinoderm.""
Echinoderms (e.g., sea stars) are not a typical food source for astronauts.

(B) ""layers of fat""
While fat is an essential nutrient, astronauts do not require layers of fat as a specific food source.

(C) ""dehydrated""
Dehydrated food is commonly used in space missions because it has a long shelf life, is lightweight, and can be rehydrated easily.

(D) ""fresh""
Fresh food is difficult to store for extended flights due to spoilage and weight constraints.

(E) ""hand picked""
Food being hand-picked is not a critical requirement for astronaut nutrition.

(F) ""nutrients""
Nutrients are essential, but this answer is too broad, as astronauts require food containing nutrients rather than nutrients alone.

(G) ""frozen""
Frozen food can be used, but it requires storage at very low temperatures, which is challenging for long missions.

(H) ""hydration""
Hydration is important, but this question asks specifically about food, not water.

Selecting the Best Answer:
(C) ""dehydrated"" is the best choice because dehydrated food is lightweight, long-lasting, and commonly used in space."